{
    "loss": 0.28603556752204895,
    "accuracy": 0.8489208817481995
}