{
    "loss": 0.07158839702606201,
    "accuracy": 0.9784172773361206
}