{
    "loss": 0.10274866968393326,
    "accuracy": 0.9568345546722412
}